country_code,latitude,longitude,country,usa_state_code,usa_state_latitude,usa_state_longitude,usa_state,Address
AD,42.546245,1.601554,Andorra,AK,63.588753,-154.493062,Alaska,"Cam√≠ del Canal, Encamp, Canillo, AD100, Andorra"
AE,23.424076,53.847818,United Arab Emirates,AL,32.318231,-86.902298,Alabama,"Zayed City, Al Dhafrah Region, Abu Dhabi Emirate, United Arab Emirates"
AF,33.93911,67.709953,Afghanistan,AR,35.20105,-91.831833,Arkansas,"Nawur, Ghazni Province, Afghanistan"
AG,17.060816,-61.796428,Antigua and Barbuda,AZ,34.048928,-111.093731,Arizona,"Swetes, Saint Paul, Antigua, Antigua and Barbuda"
AI,18.220554,-63.068615,Anguilla,CA,36.778261,-119.417932,California,"Crocus Bay Road, The Valley, AI-2640, Anguilla"
AL,41.153332,20.168331,Albania,CO,39.550051,-105.782067,Colorado,"Labinot Fush√´, Elbasan Municipality, Elbasan County, Central Albania, 3010, Albania"
AM,40.069099,45.038189,Armenia,CT,41.603221,-73.087749,Connecticut,"Vedi community, Ararat Province, Armenia"
AN,12.226079,-69.060087,Netherlands Antilles,DC,38.905985,-77.033418,District of Columbia,"Kaminda San Sebastian, Tera Cor√°, Sint Willibrordus, Curacao, Netherlands"
AO,-11.202692,17.873887,Angola,DE,38.910832,-75.52767,Delaware,"Malanje Province, Angola"
AQ,-75.250973,-0.071389,Antarctica,FL,27.664827,-81.515754,Florida,
AR,-38.416097,-63.616672,Argentina,GA,32.157435,-82.907123,Georgia,"Ruta Provincial 1, Municipio de Jacinto Ar√°uz, Departamento Caleu Caleu, La Pampa, Argentina"
AS,-14.270972,-170.132217,American Samoa,HI,19.898682,-155.665857,Hawaii,
AT,47.516231,14.550072,Austria,IA,41.878003,-93.097702,Iowa,"Felsenweg, Gaishorn am See, Bezirk Liezen, Styria, 8783, Austria"
AU,-25.274398,133.775136,Australia,ID,44.068202,-114.742041,Idaho,"Ghan, Macdonnell Region, Northern Territory, Australia"
AW,12.52111,-69.968338,Aruba,IL,40.633125,-89.398528,Illinois,"13A, Cadushi Largo, Santa Cruz, Netherlands"
AZ,40.143105,47.576927,Azerbaijan,IN,40.551217,-85.602364,Indiana,"Aghjabadi District, Azerbaijan"
BA,43.915886,17.679076,Bosnia and Herzegovina,KS,39.011902,-98.484246,Kansas,"Dobro≈°in, Gornji Vakuf-Uskoplje municipality, Central Bosnia Canton, Federation of Bosnia and Herzegovina, Bosnia and Herzegovina"
BB,13.193887,-59.543198,Barbados,KY,37.839333,-84.270018,Kentucky,"Tourville Road, Surinam, Bowling Alley Hill, Saint Joseph, BB20033, Barbados"
BD,23.684994,90.356331,Bangladesh,LA,31.244823,-92.145024,Louisiana,"Keraniganj, Keraniganj Subdistrict, Dhaka District, Dhaka Division, 1310, Bangladesh"
BE,50.503887,4.469936,Belgium,MA,42.407211,-71.382437,Massachusetts,"2, Rue du Mitan, Mellet, Les Bons Villers, Charleroi, Hainaut, Wallonia, 6211, Belgium"
BF,12.238333,-1.561593,Burkina Faso,MD,39.045755,-76.641271,Maryland,"Autoroute de contournement de Ouagadougou, Tinsouka, Komsilga, Kadiogo, Centre, Burkina Faso"
BG,42.733883,25.48583,Bulgaria,ME,45.253783,-69.445469,Maine,"Seltse, Maglizh, Stara Zagora, Bulgaria"
BH,25.930414,50.637772,Bahrain,MI,44.314844,-85.602364,Michigan,"Jaww, Southern Governorate, Bahrain"
BI,-3.373056,29.918886,Burundi,MN,46.729553,-94.6859,Minnesota,"RN 15, Kabogi, Gitega, Burundi"
BJ,9.30769,2.315834,Benin,MO,37.964253,-91.831833,Missouri,"Tchaourou, Borgou Department, Benin"
BM,32.321384,-64.75737,Bermuda,MS,32.354668,-89.398528,Mississippi,"Flatts, FL 04, Bermuda"
BN,4.535277,114.727669,Brunei,MT,46.879682,-110.362566,Montana,"Tutong District, Brunei"
BO,-16.290154,-63.588653,Bolivia,NC,35.759573,-79.0193,North Carolina,"Municipio El Puente, Provincia Guarayos, Santa Cruz, Bolivia"
BR,-14.235004,-51.92528,Brazil,ND,47.551493,-101.002012,North Dakota,"Nova Nazar√©, Regi√£o Geogr√°fica Imediata de √Ågua Boa, Regi√£o Geogr√°fica Intermedi√°ria de Barra do Gar√ßas, Mato Grosso, Central-West Region, Brazil"
BS,25.03428,-77.39628,Bahamas,NE,41.492537,-99.901813,Nebraska,"Pine Forest Close, Jubilee Gardens Subdivision, Nassau, New Providence, Bahamas"
BT,27.514162,90.433601,Bhutan,NH,43.193852,-71.572395,New Hampshire,"Bji Trong, Bji Saengbji, Nubi Gewog, Trongsa District, Bhutan"
BV,-54.423199,3.413194,Bouvet Island,NJ,40.058324,-74.405661,New Jersey,"Kapp Lollo, Bouvet Island, Norway"
BW,-22.328474,24.684866,Botswana,NM,34.97273,-105.032363,New Mexico,"Ghanzi District, Botswana"
BY,53.709807,27.953389,Belarus,NV,38.80261,-116.419389,Nevada,"–ì–∞–ª—è–Ω–±–µ—Ä–≥, –î—É–∫–æ—Ä—Å–∫—ñ —Å–µ–ª—å—Å–∫—ñ –°–∞–≤–µ—Ç, Pukhavichy District, Minsk Region, 222840, Belarus"
BZ,17.189877,-88.49765,Belize,NY,43.299428,-74.217933,New York,"Green Hill Manatee, Belize"
CA,56.130366,-106.346771,Canada,OH,40.417287,-82.907123,Ohio,"Division No. 18, Saskatchewan, Canada"
CC,-12.164165,96.870956,Cocos [Keeling] Islands,OK,35.007752,-97.092877,Oklahoma,"West Island, Shire of Cocos (Keeling) Islands, Cocos (Keeling) Islands, 6799, Australia"
CD,-4.038333,21.758664,Congo [DRC],OR,43.804133,-120.554201,Oregon,"Kasai, Democratic Republic of the Congo"
CF,6.611111,20.939444,Central African Republic,PA,41.203322,-77.194525,Pennsylvania,"Ouaka, Central African Republic"
CG,-0.228021,15.827659,Congo [Republic],PR,18.220833,-66.590149,Puerto Rico,"Makoua, Cuvette Department, Congo-Brazzaville"
CH,46.818188,8.227512,Switzerland,RI,41.580095,-71.477429,Rhode Island,"Brandegggraben, Egg, Sachseln, Obwalden, 6072, Switzerland"
CI,7.539989,-5.54708,C√¥te d'Ivoire,SC,33.836081,-81.163725,South Carolina,"D√©kr√©ta, Mandanou, Gb√™k√™, Vall√©e du Bandama, C√¥te d'Ivoire"
CK,-21.236736,-159.777671,Cook Islands,SD,43.969515,-99.901813,South Dakota,"Te Kou Track, Avarua, Rarotonga, Cook Islands"
CL,-35.675147,-71.542969,Chile,TN,35.517491,-86.580447,Tennessee,"Yerbas Buenas, Provincia de Linares, Maule Region, Chile"
CM,7.369722,12.354722,Cameroon,TX,31.968599,-99.901813,Texas,"‚Äéüü¶, Tign√®re, Faro-et-D√©o, Adamawa, Cameroon"
CN,35.86166,104.195397,China,UT,39.32098,-111.093731,Utah,"Wangbaoying, Xiaokangying, Yuzhong County, Lanzhou, Gansu, China"
CO,4.570868,-74.297333,Colombia,VA,37.431573,-78.656894,Virginia,"San Francisco, Corregimiento 2 Norte, Soacha, Cundinamarca, RAP (Especial) Central, 250057, Colombia"
CR,9.748917,-83.753428,Costa Rica,VT,44.558803,-72.577841,Vermont,"Orosi, Cant√≥n Para√≠so, Cartago Province, 30203, Costa Rica"
CU,21.521757,-77.781167,Cuba,WA,47.751074,-120.740139,Washington,"Camag√ºey, Cuba"
CV,16.002082,-24.013197,Cape Verde,WI,43.78444,-88.787868,Wisconsin,Cape Verde
CX,-10.447525,105.690449,Christmas Island,WV,38.597626,-80.454903,West Virginia,"Christmas Island Airport, North South Baseline Road, Christmas Island, Shire of Christmas Island, Christmas Island, 6798, Australia"
CY,35.126413,33.429859,Cyprus,WY,43.075968,-107.290284,Wyoming,"Geri, Latsia - Geri Municipality, Nicosia District, Cyprus, 2201, Cyprus"
CZ,49.817492,15.472962,Czech Republic,,,,,"87, Husova, Golƒç≈Øv Jen√≠kov, okres Havl√≠ƒçk≈Øv Brod, Kraj Vysoƒçina, 582 82, Czechia"
DE,51.165691,10.451526,Germany,,,,,"Stra√üe zum Mittelpunkt Deutschlands, Oberdorla, Vogtei, Unstrut-Hainich-Kreis, Thuringia, 99986, Germany"
DJ,11.825138,42.590275,Djibouti,,,,,"Randa District, Tadjourah, Djibouti"
DK,56.26392,9.501785,Denmark,,,,,"Tingskrivervej, Hinge S√∏fald, Silkeborg Municipality, Central Denmark Region, 8632, Denmark"
DM,15.414999,-61.370976,Dominica,,,,,"Gould Estate, Saint Joseph Parish, Dominica"
DO,18.735693,-70.162651,Dominican Republic,,,,,"Yamas√°, Monte Plata, Dominican Republic"
DZ,28.033886,1.659626,Algeria,,,,,"Timokten, Aoulef District, Adrar, Algeria"
EC,-1.831239,-78.183406,Ecuador,,,,,"Pablo VI, Pablo Sexto, Morona Santiago, Ecuador"
EE,58.595272,25.013607,Estonia,,,,,"Vihtra k√ºla, P√µhja-P√§rnumaa vald, P√§rnu maakond, 87603, Estonia"
EG,26.820553,30.802498,Egypt,,,,,"New Valley, Egypt"
EH,24.215527,-12.885834,Western Sahara,,,,,"Mijik, ca√Ødat de Mijik ŸÇŸäÿßÿØÿ© ŸÖÿ¨ŸäŸÉ, cercle de Bir Anzarane ÿØÿßÿ¶ÿ±ÿ© ÿ®ÿ¶ÿ± ÿ•ŸÜÿ≤ÿ±ÿßŸÜ, Oued Ed-Dahab Province, Sahrawi Arab Democratic Republic"
ER,15.179384,39.782334,Eritrea,,,,,"Northen Red Sea Region, Eritrea"
ES,40.463667,-3.74922,Spain,,,,,"Parque Deportivo Puerta de Hierro, Autov√≠a del Noroeste, Ciudad Universitaria, Moncloa-Aravaca, Madrid, Community of Madrid, 28040, Spain"
ET,9.145,40.489673,Ethiopia,,,,,"West Harerghe, Oromia Region, Ethiopia"
FI,61.92411,25.748151,Finland,,,,,"Lehmustie, Korpilahti, Jyv√§skyl√§, Jyv√§skyl√§ sub-region, Central Finland, Western and Central Finland, Mainland Finland, 41780, Finland"
FJ,-16.578193,179.414413,Fiji,,,,,"Cakaudrove, Northern, Fiji"
FK,-51.796253,-59.523613,Falkland Islands [Islas Malvinas],,,,,Falkland Islands
FM,7.425554,150.550812,Micronesia,,,,,
FO,61.892635,-6.911806,Faroe Islands,,,,,"Heyggjur √° Bergi, Skopun, Sandoy region, 240, Faroe Islands"
FR,46.227638,2.213749,France,,,,,"Le Bois du Puy, La Celle-sous-Gouzon, Aubusson, Creuse, Nouvelle-Aquitaine, Metropolitan France, 23230, France"
GA,-0.803689,11.609444,Gabon,,,,,"Ogoou√©-Lolo Province, Gabon"
GB,55.378051,-3.435973,United Kingdom,,,,,"Moffat, Dumfries and Galloway, Scotland, DG10 9EX, United Kingdom"
GD,12.262776,-61.604171,Grenada,,,,,"Sauteurs, Saint Patrick, Grenada"
GE,42.315407,43.356892,Georgia,,,,,"Pasieti, Sachkhere Municipality, Imereti, 1727, Georgia"
GF,3.933889,-53.125782,French Guiana,,,,,"Saint-√âlie, Cayenne, French Guiana, 97312, France"
GG,49.465691,-2.585278,Guernsey,,,,,"La Maison du Mont Val, Le Mont d'Aval, Castel, Cobo, Castel, Guernsey, GY5 7RZ, Guernsey"
GH,7.946527,-1.023194,Ghana,,,,,"Trofwi, Atebubu-Amantin Municipal District, Bono East Region, Ghana"
GI,36.137741,-5.345374,Gibraltar,,,,,"Upper Rock - Gibraltar Nature Reserve, Scud Hill, Gibraltar, GX11 1AA, Gibraltar"
GL,71.706936,-42.604303,Greenland,,,,,Greenland
GM,13.443182,-15.310139,Gambia,,,,,"Jarra East, Mansakonko, Lower River Division, The Gambia"
GN,9.945587,-9.696645,Guinea,,,,,"Kouroussa Prefecture, Kankan Region, Guinea"
GP,16.995971,-62.067641,Guadeloupe,,,,,"Antigua, Antigua and Barbuda"
GQ,1.650801,10.267895,Equatorial Guinea,,,,,"Niefang, Centro Sur, Regi√≥n Continental, Equatorial Guinea"
GR,39.074208,21.824312,Greece,,,,,"Œ¶ŒøœÖœÅŒΩŒ¨ - ŒíœÅŒ¨œáŒ±, Œö. ŒöŒªŒµŒπœÉœÑŒøœç, Vracha, Municipal Unit of Fournas, Karpenisi Municipality, Regional Unit of Evrytania, Central Greece, Thessaly and Central Greece, 360 80, Greece"
GS,-54.429579,-36.587909,South Georgia and the South Sandwich Islands,,,,,"South Georgia, South Georgia and the South Sandwich Islands"
GT,15.783471,-90.230759,Guatemala,,,,,"Sepalau Cataltzul, Chisec, Alta Verapaz, Guatemala"
GU,13.444304,144.793731,Guam,,,,,"Mangilao Municipality, Guam, 96923, United States"
GW,11.803749,-15.180413,Guinea-Bissau,,,,,"Sector de Fulacunda, Quinara Region, South, Guinea-Bissau"
GY,4.860416,-58.93018,Guyana,,,,,"Rest of Region 8, Guayana Esequiba, Guyana"
GZ,31.354676,34.308825,Gaza Strip,,,,,"ÿµŸäÿØŸÑŸäÿ© ÿØ. ÿ≥ÿßŸÖÿ≠, Jamal Abd al-Nasser, ÿ≠Ÿä ÿßŸÑÿ¥ŸäÿÆ ŸÜÿßÿµÿ±, Khan Yunis, Khan Yunis Governorate, Gaza Strip, Palestinian Territories"
HK,22.396428,114.109497,Hong Kong,,,,,"Route Twisk, Chuen Lung, Chuen Lung Village, Tsuen Wan District, New Territories, Hong Kong, China"
HM,-53.08181,73.504158,Heard Island and McDonald Islands,,,,,"Heard Island and McDonald Islands, Australia"
HN,15.199999,-86.241905,Honduras,,,,,"Gualaco, Olancho, Honduras"
HR,45.1,15.2,Croatia,,,,,"Jezerane, Opƒáina Brinje, Lika-Senj County, 53262, Croatia"
HT,18.971187,-72.285215,Haiti,,,,,"4√®me Savane √† Roche, Ca Gomme, Commune Petite Rivi√®re de l'Artibonite, Arrondissement de Dessalines, Artibonite Department, Haiti"
HU,47.162494,19.503304,Hungary,,,,,"NEFAG Pusztavacsi Erd√©szet, 1, Erd√©sz k√∂z, Pusztavacs, Dabasi j√°r√°s, Pest, Central Hungary, 2378, Hungary"
ID,-0.789275,113.921327,Indonesia,,,,,"Kapuas, Central Kalimantan, Kalimantan, Indonesia"
IE,53.41291,-8.24389,Ireland,,,,,"Curry, Ahascragh ED, Ballinasloe Municipal District, County Galway, Connacht, Ireland"
IL,31.046051,34.851612,Israel,,,,,"224, Ramat Negev Regional Council, Israel"
IM,54.236107,-4.548056,Isle of Man,,,,,"Cronkdoo, Michael, Isle of Man"
IN,20.593684,78.96288,India,,,,,"wadgaon, Hirdi, Samudrapur, Wardha District, Maharashtra, India"
IO,-6.343194,71.876519,British Indian Ocean Territory,,,,,
IQ,33.223191,43.679291,Iraq,,,,,"Al-Amiriyah Subdistrict, Al-Falujah District, Al-Anbar Governorate, Iraq"
IR,32.427908,53.688046,Iran,,,,,"ÿÆŸàÿßÿ≥ÿ™⁄©ŸàŸá, ÿØŸáÿ≥ÿ™ÿßŸÜ ÿπŸÇÿØÿß, ÿ®ÿÆÿ¥ ÿπŸÇÿØÿß, Ardakan County, Yazd Province, Iran"
IS,64.963051,-19.020835,Iceland,,,,,"Skagafj√∂r√∞ur, Northwestern Region, Iceland"
IT,41.87194,12.56738,Italy,,,,,"Viale Palmiro Togliatti, Torre Spaccata, Municipio Roma V, Rome, Roma Capitale, Lazio, 00172, Italy"
JE,49.214439,-2.13125,Jersey,,,,,"Mont de la Bu de la Rue, La Vingtaine du Coin Hatain, Saint Lawrence, Jersey"
JM,18.109581,-77.297508,Jamaica,,,,,"Clarendon, Middlesex County, Jamaica"
JO,30.585164,36.238414,Jordan,,,,,"Al-Jafr Sub-District, Ma'an Qasabah District, Maan, Jordan"
JP,36.204824,138.252924,Japan,,,,,"Nagawa, Chiisagata County, Nagano Prefecture, Chubu Region, Japan"
KE,-0.023559,37.906193,Kenya,,,,,"Imenti Central, Meru County, Eastern, Kenya"
KG,41.20438,74.766098,Kyrgyzstan,,,,,"Ak-Talaa District, Naryn Region, Kyrgyzstan"
KH,12.565679,104.990963,Cambodia,,,,,"Santuk, Kampong Thom, Cambodia"
KI,-3.370417,-168.734039,Kiribati,,,,,
KM,-11.875001,43.872219,Comoros,,,,,
KN,17.357822,-62.782998,Saint Kitts and Nevis,,,,,"Phillips, Christ Church Nichola Town, Saint Kitts, Saint Kitts and Nevis"
KP,40.339852,127.510093,North Korea,,,,,"My place, Sinhung County, South Hamgyong, North Korea"
KR,35.907757,127.766922,South Korea,,,,,"Gucheondong-ro, Seolcheon-myeon, Muju-gun, Jeonbuk State, South Korea"
KW,29.31166,47.481766,Kuwait,,,,,"Jahra, Kuwait"
KY,19.513469,-80.566956,Cayman Islands,,,,,
KZ,48.019573,66.923684,Kazakhstan,,,,,"Ulytau District, Ulytau Region, 101500, Kazakhstan"
LA,19.85627,102.495496,Laos,,,,,"Sankang, Phonxay District, Luang Prabang, Laos"
LB,33.854721,35.862285,Lebanon,,,,,"Touayteh, Zahl√© District, Beqaa Governorate, 1802, Lebanon"
LC,13.909444,-60.978893,Saint Lucia,,,,,"Miami, Castries, LC05 201, Saint Lucia"
LI,47.166,9.555373,Liechtenstein,,,,,"F√ºrstensteig, Triesenberg, Oberland, 9498, Liechtenstein"
LK,7.873054,80.771797,Sri Lanka,,,,,"Nikawatawana, Matale District, Central Province, Sri Lanka"
LR,6.428055,-9.429499,Liberia,,,,,"District # 3, Grand Bassa County, Liberia"
LS,-29.609988,28.233608,Lesotho,,,,,"Ha Sootho, Thaba-Tseka District, Lesotho"
LT,55.169438,23.881275,Lithuania,,,,,"1916, Kaƒçergiai, Babt≈≥ seni≈´nija, Kaunas District Municipality, Kaunas County, 58175, Lithuania"
LU,49.815273,6.129583,Luxembourg,,,,,"Cruchten, Nommern, Canton Mersch, 7420, Luxembourg"
LV,56.879635,24.603189,Latvia,,,,,"Krauƒças, Tƒ´n≈´≈æu pagasts, Ogres novads, LV-5015, Latvia"
LY,26.3351,17.228331,Libya,,,,,"District of Al-Jufra, Libya"
MA,31.791702,-7.09262,Morocco,,,,,"Oulad Khallouf, ca√Ødat de Essahrij, cercle de El Attaouia, Kelaat Sraghna Province, Marrakech-Safi, Morocco"
MC,43.750298,7.412841,Monaco,,,,,"Route de Beausoleil, La Turbie, Nice, Maritime Alps, Provence-Alpes-C√¥te d'Azur, Metropolitan France, 06320, France"
MD,47.411631,28.369885,Moldova,,,,,"Calara»ôi District, Moldova"
ME,42.708678,19.37439,Montenegro,,,,,"M-2, Aluge, Kola≈°in Municipality, 81215, Montenegro"
MG,-18.766947,46.869107,Madagascar,,,,,"Itasy Region, Province d‚ÄôAntananarivo, Madagascar"
MH,7.131474,171.184478,Marshall Islands,,,,,"Majuro, Marshall Islands"
MK,41.608635,21.745275,Macedonia [FYROM],,,,,"Vojnica, Municipality of Chashka, Vardar Region, North Macedonia"
ML,17.570692,-3.996166,Mali,,,,,"Goundam Cercle, Taoud√©nit Region, Mali"
MM,21.913965,95.956223,Myanmar [Burma],,,,,"Sagaing Township, Sagaing District, Sagaing Region, 02371, Myanmar"
MN,46.862496,103.846656,Mongolia,,,,,"B√ºrd, √ñv√∂rkhangai, Mongolia"
MO,22.198745,113.543873,Macau,,,,,"Ê†¢Â®ÅÂ§ßÂªà Edif√≠cio Parkway Mansion, 140-154, Ë≥à‰ºØÊ®ÇÊèêÁù£Ë°ó (ÊèêÁù£Ë°ó) Rua do Almirante Costa Cabral, Â°îÁü≥ Tap Siac, S√£o L√°zaro, Municipality of Macau, Macau, 519020, China"
MP,17.33083,145.38469,Northern Mariana Islands,,,,,
MQ,14.641528,-61.024174,Martinique,,,,,"Le Lamentin, Fort-de-France, Martinique, 97232, France"
MR,21.00789,-10.940835,Mauritania,,,,,"Adrar, Mauritania"
MS,16.742498,-62.187366,Montserrat,,,,,"Saint Georges, Montserrat"
MT,35.937496,14.375416,Malta,,,,,"118, Mƒ°arr, Northern Region, MLH 2021, Malta"
MU,-20.348404,57.552152,Mauritius,,,,,"Royal Road Phoenix ‚Äì Plaisance, Seizi√®me Mille, Grand Port, 74513, Mauritius"
MV,3.202778,73.22068,Maldives,,,,,"Felidhu Atoll, Maldives"
MW,-13.254308,34.301525,Malawi,,,,,"Nkhotakota, Central Region, Malawi, Malawi"
MX,23.634501,-102.552784,Mexico,,,,,"Villa de Cos, Zacatecas, Mexico"
MY,4.210484,101.975766,Malaysia,,,,,"Lipis, Pahang, 27100, Malaysia"
MZ,-18.665695,35.529562,Mozambique,,,,,"Cheringoma, Sofala Province, Mozambique"
,-22.95764,18.49041,Namibia,,,,,"Omaheke, Namibia"
NC,-20.904305,165.618042,New Caledonia,,,,,"North Province, New Caledonia, France"
NE,17.607789,8.081666,Niger,,,,,"Tchiroz√©rine, Agadez Region, Niger"
NF,-29.040835,167.954712,Norfolk Island,,,,,"Broak Road, Norfolk Island, Burnt Pine, Norfolk Island, 2899, Australia"
NG,9.081999,8.675277,Nigeria,,,,,"Wamba, Nasarawa State, Nigeria"
NI,12.865416,-85.207229,Nicaragua,,,,,"R√≠o Blanco Abajo, R√≠o Blanco (Municipio), Matagalpa, 63200, Nicaragua"
NL,52.132633,5.291266,Netherlands,,,,,"Van Weerden Poelmanweg, Soest, Utrecht, Netherlands, 3768 MK, Netherlands"
NO,60.472024,8.468946,Norway,,,,,"Pollelie, Hol, Viken, Norway"
NP,28.394857,84.124008,Nepal,,,,,"Kapuche Marga, Madi-01, Madi, Kaski, Gandaki Province, Nepal"
NR,-0.522778,166.931503,Nauru,,,,,"Uaboe, Uaboe District, Ubenide, Nauru"
NU,-19.054445,-169.867233,Niue,,,,,"Alofi - Liku Road, Fue, Alofi, Niue"
NZ,-40.900557,174.885971,New Zealand,,,,,"Wellington, New Zealand"
OM,21.512583,55.923255,Oman,,,,,"Ad Dhahirah Governorate, Oman"
PA,8.537981,-80.782127,Panama,,,,,"Las Huacas, Distrito Nat√°, Cocl√©, Panama"
PE,-9.189967,-75.015152,Peru,,,,,"Nuevo Porvenir, Puerto Inca, Province of Puerto Inca, Hu√°nuco, Peru"
PF,-17.679742,-149.406843,French Polynesia,,,,,"Vall√©es Temao, Papeari, Teva I Uta, Windward Islands, French Polynesia, France"
PG,-6.314993,143.95555,Papua New Guinea,,,,,"Ialibu - Kagua Road, Ialibu, Southern Highlands, Highlands Region, Papua New Guinea"
PH,12.879721,121.774017,Philippines,,,,,"Concepcion, Romblon, Mimaropa, Philippines"
PK,30.375321,69.345116,Pakistan,,,,,"Duki Tehsil, Duki District, Loralai Division, Balochistan, 84200, Pakistan"
PL,51.919438,19.145136,Poland,,,,,"13, Sk√≥rka, gmina Parzƒôczew, Zgierz County, ≈Å√≥d≈∫ Voivodeship, 95-045, Poland"
PM,46.941936,-56.27111,Saint Pierre and Miquelon,,,,,"Saint Pierre and Miquelon, France"
PN,-24.703615,-127.439308,Pitcairn Islands,,,,,
PR,18.220833,-66.590149,Puerto Rico,,,,,"21, Calle Hoyo Fr√≠o, Hoyo Fr√≠o, Barrio Pueblo, Jayuya, Puerto Rico, 00664, United States"
PS,31.952162,35.233154,Palestinian Territories,,,,,"Reuven, Pisgat Yaakov, Beit El, Area C, Judea and Samaria, 009, Palestinian Territories"
PT,39.399872,-8.224454,Portugal,,,,,"Valeira do Quina, S√£o Miguel do Rio Torto e Rossio ao Sul do Tejo, Abrantes, Santar√©m, 2205-504, Portugal"
PW,7.51498,134.58252,Palau,,,,,"Ngerulmud, Melekeok, Palau"
PY,-23.442503,-58.443832,Paraguay,,,,,"Estancia La Asuncion, Villa Hayes, Presidente Hayes, Regi√≥n Occidental, Paraguay"
QA,25.354826,51.183884,Qatar,,,,,"Al-Shahaniya, Al Shahaniya, Qatar"
RE,-21.115141,55.536384,R√©union,,,,,"Saint-Beno√Æt, R√©union, France"
RO,45.943161,24.96676,Romania,,,,,"VƒÉleni, Jibert, Bra»ôov, 507114, Romania"
RS,44.016521,21.005859,Serbia,,,,,"–ì–æ—Ä—ö–µ –ö–æ–º–∞—Ä–∏—Ü–µ, City of Kragujevac, Sumadija Administrative District, Central Serbia, Serbia"
RU,61.52401,105.318756,Russia,,,,,"Evenkiysky Rayon, Krasnoyarsk Krai, Siberian Federal District, Russia"
RW,-1.940278,29.873888,Rwanda,,,,,"Karama, Kamonyi, Southern Province, Rwanda"
SA,23.885942,45.079162,Saudi Arabia,,,,,"Al Quwayiyah, Riyadh Region, 19245, Saudi Arabia"
SB,-9.64571,160.156194,Solomon Islands,,,,,"Guadalcanal, Solomon Islands"
SC,-4.679574,55.491977,Seychelles,,,,,"La Mis√®re, Grand'Anse Mahe, Seychelles"
SD,12.862807,30.217636,Sudan,,,,,"Engedeiti, Bara, North Kordofan State, Sudan"
SE,60.128161,18.643501,Sweden,,,,,"Dansbana, 5, Folketshusv√§gen, Herr√§ng, Norrt√§lje kommun, Stockholm County, 760 49, Sweden"
SG,1.352083,103.819836,Singapore,,,,,"MacRitchie Nature Trail, Lakeview Gardens, Central Water Catchment, Central, Singapore, 577937, Singapore"
SH,-24.143474,-10.030696,Saint Helena,,,,,
SI,46.151241,14.995463,Slovenia,,,,,"Kraguljne, Kotrede≈æ, Zagorje ob Savi, 1410, Slovenia"
SJ,77.553604,23.670272,Svalbard and Jan Mayen,,,,,"Svalbard, 9170, Norway"
SK,48.669026,19.699024,Slovakia,,,,,"ƒåierny Balog, District of Brezno, Region of Bansk√° Bystrica, Central Slovakia, 976 52, Slovakia"
SL,8.460555,-11.779889,Sierra Leone,,,,,"Rosarr 2, Rosarr 1, Tonkolili District, Northern Province, Sierra Leone, Sierra Leone"
SM,43.94236,12.457777,San Marino,,,,,"Via dei Canneti, Valdragone di Sotto, Borgo Maggiore, 47893, San Marino"
SN,14.497401,-14.452362,Senegal,,,,,"Payar, Communaut√© rurale de Payar, Arrondissement de Kouthiaba Wolof, D√©partement de Koumpentoum, Tambacounda Region, Senegal"
SO,5.152149,46.199616,Somalia,,,,,"Dhusamareb District, Galgaduud, Galmudug, Somalia"
SR,3.919305,-56.027783,Suriname,,,,,"Boven Saramacca, Sipaliwini, Suriname"
ST,0.18636,6.613081,S√£o Tom√© and Pr√≠ncipe,,,,,"Malanza, Cau√©, S√£o Tom√© and Pr√≠ncipe"
SV,13.794185,-88.89653,El Salvador,,,,,"Ilobasco, Departamento de Caba√±as, El Salvador"
SY,34.802075,38.996815,Syria,,,,,"Al-Sukhnah Subdistrict, Tadmur District, Homs Governorate, Syria"
SZ,-26.522503,31.465866,Swaziland,,,,,"Inkhundla Mthongwaneni, Manzini Region, Eswatini"
TC,21.694025,-71.797928,Turks and Caicos Islands,,,,,Turks and Caicos Islands
TD,15.454166,18.732207,Chad,,,,,"Borkou, Chad"
TF,-49.280366,69.348557,French Southern Territories,,,,,"Kerguelen Archipelago, French Southern and Antarctic Lands, France"
TG,8.619543,0.824782,Togo,,,,,"Sotouboua, Centrale Region, Togo"
TH,15.870032,100.992541,Thailand,,,,,"New Life Cafe, 193, ‡∏û‡∏ä.2027, Ban Khlong Takro, Ban Nong Chaeng, Ban Phot, Phetchabun Province, 42180, Thailand"
TJ,38.861034,71.276093,Tajikistan,,,,,"Sangvor District, Districts of Republican Subordination, Tajikistan"
TK,-8.967363,-171.855881,Tokelau,,,,,"Nukunonu, Tokelau"
TL,-8.874217,125.727539,Timor-Leste,,,,,"Furaclau, Turiscai, Manufahi, East Timor"
TM,38.969719,59.556278,Turkmenistan,,,,,"Ak bugday District, Ahal Region, Turkmenistan"
TN,33.886917,9.537499,Tunisia,,,,,"ÿßŸÑÿ®ÿ≠ÿßŸäÿ±, ŸÖÿπÿ™ŸÖÿØŸäÿ© ÿßŸÑÿ≠ÿßŸÖÿ©, Gab√®s, 6062, Tunisia"
TO,-21.178986,-175.198242,Tonga,,,,,"Nuku, Veitongo, Vahe Vaini, Tongatapu, Tonga"
TR,38.963745,35.243322,Turkey,,,,,"Kuzuluƒüund√∂lek, Eski√∂merler Mahallesi, Kocasinan, Central Anatolia Region, 38090, Turkey"
TT,10.691803,-61.222503,Trinidad and Tobago,,,,,"Aripo Road, Aripo, Tunapuna-Piarco, 300831, Trinidad and Tobago"
TV,-7.109535,177.64933,Tuvalu,,,,,
TW,23.69781,120.960515,Taiwan,,,,,"‰∫∫ÂÄ´ÊûóÈÅì, Luan'antang, Renhe Village, Xinyi Township, Nantou County, 556, Taiwan"
TZ,-6.369028,34.888822,Tanzania,,,,,"Manyoni, Singida Region, Central Zone, Tanzania"
UA,48.379433,31.16558,Ukraine,,,,,"–¢-12-08, Dobrovelychkivka, Dobrovelychkivka Settlement Hromada, Novoukrainka Raion, Kirovohrad Oblast, Ukraine"
UG,1.373333,32.290275,Uganda,,,,,"footpath, Nakasongola, Central Region, Uganda"
UM,,,U.S. Minor Outlying Islands,,,,,
US,37.09024,-95.712891,United States,,,,,"3900 Road, Dearing, Montgomery County, Kansas, 67340, United States"
UY,-32.522779,-55.765835,Uruguay,,,,,"Tacuaremb√≥, Uruguay"
UZ,41.377491,64.585262,Uzbekistan,,,,,"Tomdi District, Navoiy Region, Uzbekistan"
VA,41.902916,12.453389,Vatican City,,,,,"Saint Peter's Basilica, Foundation Street, Vatican City, 00120, Vatican City"
VC,12.984305,-61.287228,Saint Vincent and the Grenadines,,,,,"Port Elizabeth, Grenadines, VC0400, Saint Vincent and the Grenadines"
VE,6.42375,-66.58973,Venezuela,,,,,"Parroquia La Urbana, Municipio Cede√±o, Bolivar State, Venezuela"
VG,18.420695,-64.639968,British Virgin Islands,,,,,"Ridge Road, Road Town, Tortola, VG1110, British Virgin Islands"
VI,18.335765,-64.896335,U.S. Virgin Islands,,,,,"Dorothy ""Dotsy"" Lockhart Elskoe Drive, Anna's Retreat, Saint Thomas - Saint John District, United States Virgin Islands, 00802, United States"
VN,14.058324,108.277199,Vietnam,,,,,"Kon D∆°ng, Mang Yang District, Gia Lai Province, Vietnam"
VU,-15.376706,166.959158,Vanuatu,,,,,"Sele, Sanma, Vanuatu"
WF,-13.768752,-177.156097,Wallis and Futuna,,,,,
WS,-13.759029,-172.104629,Samoa,,,,,Samoa
XK,42.602636,20.902977,Kosovo,,,,,"43, Ymer Elshani, Korrotic√´ e Ul√´t, Municipality of Drenas / Glogovac, District of Prishtina, 13000, Kosovo"
YE,15.552727,48.516388,Yemen,,,,,"Wadi al Ain District, Hadramaut Governorate, Yemen"
YT,-12.8275,45.166244,Mayotte,,,,,"GR Tour de Mayotte, Tsararano, Demb√©ni, Mayotte, 97660, France"
ZA,-30.559482,22.937506,South Africa,,,,,"Kareeberg Ward 3, Kareeberg Local Municipality, Pixley ka Seme District Municipality, Northern Cape, South Africa"
ZM,-13.133897,27.849332,Zambia,,,,,"Lufwanyama District, Copperbelt Province, Zambia"
ZW,-19.015438,29.154857,Zimbabwe,,,,,"Silobela, Kwekwe, Midlands Province, Zimbabwe"
